{"frames":[{"filename":"NEXT_Button2","frame":{"x":0,"y":0,"w":100,"h":50},"rotated":false,"trimmed":false,"spriteSourceSize":{"x":0,"y":0,"w":100,"h":50},"sourceSize":{"w":100,"h":50}},{"filename":"NEXT_Button3","frame":{"x":0,"y":51,"w":100,"h":50},"rotated":false,"trimmed":false,"spriteSourceSize":{"x":0,"y":0,"w":100,"h":50},"sourceSize":{"w":100,"h":50}},{"filename":"NEXT_Button1","frame":{"x":0,"y":102,"w":100,"h":50},"rotated":false,"trimmed":false,"spriteSourceSize":{"x":0,"y":0,"w":100,"h":50},"sourceSize":{"w":100,"h":50}},{"filename":"START2_Button1","frame":{"x":101,"y":0,"w":100,"h":50},"rotated":false,"trimmed":false,"spriteSourceSize":{"x":0,"y":0,"w":100,"h":50},"sourceSize":{"w":100,"h":50}},{"filename":"START2_Button2","frame":{"x":101,"y":51,"w":100,"h":50},"rotated":false,"trimmed":false,"spriteSourceSize":{"x":0,"y":0,"w":100,"h":50},"sourceSize":{"w":100,"h":50}},{"filename":"START2_Button3","frame":{"x":101,"y":102,"w":100,"h":50},"rotated":false,"trimmed":false,"spriteSourceSize":{"x":0,"y":0,"w":100,"h":50},"sourceSize":{"w":100,"h":50}},{"filename":"PLAY_Button1","frame":{"x":0,"y":153,"w":100,"h":50},"rotated":false,"trimmed":false,"spriteSourceSize":{"x":0,"y":0,"w":100,"h":50},"sourceSize":{"w":100,"h":50}},{"filename":"PLAY_Button2","frame":{"x":101,"y":153,"w":100,"h":50},"rotated":false,"trimmed":false,"spriteSourceSize":{"x":0,"y":0,"w":100,"h":50},"sourceSize":{"w":100,"h":50}},{"filename":"PLAY_Button3","frame":{"x":0,"y":204,"w":100,"h":50},"rotated":false,"trimmed":false,"spriteSourceSize":{"x":0,"y":0,"w":100,"h":50},"sourceSize":{"w":100,"h":50}},{"filename":"CREDITS_Button2","frame":{"x":101,"y":204,"w":100,"h":50},"rotated":false,"trimmed":false,"spriteSourceSize":{"x":0,"y":0,"w":100,"h":50},"sourceSize":{"w":100,"h":50}},{"filename":"CREDITS_Button3","frame":{"x":202,"y":0,"w":100,"h":50},"rotated":false,"trimmed":false,"spriteSourceSize":{"x":0,"y":0,"w":100,"h":50},"sourceSize":{"w":100,"h":50}},{"filename":"CREDITS_Button1","frame":{"x":202,"y":51,"w":100,"h":50},"rotated":false,"trimmed":false,"spriteSourceSize":{"x":0,"y":0,"w":100,"h":50},"sourceSize":{"w":100,"h":50}}],"meta":{"app":"https://www.leshylabs.com/apps/sstool/","version":"Leshy SpriteSheet Tool v0.8.4","image":"Buttons_2.0.png","size":{"w":302,"h":254},"scale":1}}