{"frames":[{"filename":"Yes_Button1","frame":{"x":0,"y":0,"w":100,"h":50},"rotated":false,"trimmed":false,"spriteSourceSize":{"x":0,"y":0,"w":100,"h":50},"sourceSize":{"w":100,"h":50}},{"filename":"Yes_Button2","frame":{"x":0,"y":51,"w":100,"h":50},"rotated":false,"trimmed":false,"spriteSourceSize":{"x":0,"y":0,"w":100,"h":50},"sourceSize":{"w":100,"h":50}},{"filename":"Yes_Button3","frame":{"x":0,"y":102,"w":100,"h":50},"rotated":false,"trimmed":false,"spriteSourceSize":{"x":0,"y":0,"w":100,"h":50},"sourceSize":{"w":100,"h":50}}],"meta":{"app":"https://www.leshylabs.com/apps/sstool/","version":"Leshy SpriteSheet Tool v0.8.4","image":"Yes_Button.png","size":{"w":100,"h":152},"scale":1}}