{"frames":[{"filename":"START_Button1","frame":{"x":0,"y":0,"w":100,"h":50},"rotated":false,"trimmed":false,"spriteSourceSize":{"x":0,"y":0,"w":100,"h":50},"sourceSize":{"w":100,"h":50}},{"filename":"START_Button2","frame":{"x":0,"y":51,"w":100,"h":50},"rotated":false,"trimmed":false,"spriteSourceSize":{"x":0,"y":0,"w":100,"h":50},"sourceSize":{"w":100,"h":50}}],"meta":{"app":"https://www.leshylabs.com/apps/sstool/","version":"Leshy SpriteSheet Tool v0.8.4","image":"Start_Button.png","size":{"w":100,"h":101},"scale":1}}