{"frames":[{"filename":"Options2_Button2","frame":{"x":0,"y":0,"w":402,"h":60},"rotated":false,"trimmed":false,"spriteSourceSize":{"x":0,"y":0,"w":402,"h":60},"sourceSize":{"w":402,"h":60}},{"filename":"Options2_Button3","frame":{"x":0,"y":61,"w":402,"h":60},"rotated":false,"trimmed":false,"spriteSourceSize":{"x":0,"y":0,"w":402,"h":60},"sourceSize":{"w":402,"h":60}},{"filename":"Options2_Button1","frame":{"x":0,"y":122,"w":402,"h":60},"rotated":false,"trimmed":false,"spriteSourceSize":{"x":0,"y":0,"w":402,"h":60},"sourceSize":{"w":402,"h":60}}],"meta":{"app":"https://www.leshylabs.com/apps/sstool/","version":"Leshy SpriteSheet Tool v0.8.4","image":"Options_Button_2.png","size":{"w":402,"h":182},"scale":1}}