{"frames":[{"filename":"Charger1","frame":{"x":0,"y":0,"w":130,"h":208},"rotated":false,"trimmed":false,"spriteSourceSize":{"x":0,"y":0,"w":130,"h":208},"sourceSize":{"w":130,"h":208}},{"filename":"Charger2","frame":{"x":131,"y":0,"w":130,"h":208},"rotated":false,"trimmed":false,"spriteSourceSize":{"x":0,"y":0,"w":130,"h":208},"sourceSize":{"w":130,"h":208}},{"filename":"Charger3","frame":{"x":262,"y":0,"w":130,"h":208},"rotated":false,"trimmed":false,"spriteSourceSize":{"x":0,"y":0,"w":130,"h":208},"sourceSize":{"w":130,"h":208}},{"filename":"Charger4","frame":{"x":0,"y":209,"w":130,"h":208},"rotated":false,"trimmed":false,"spriteSourceSize":{"x":0,"y":0,"w":130,"h":208},"sourceSize":{"w":130,"h":208}}],"meta":{"app":"https://www.leshylabs.com/apps/sstool/","version":"Leshy SpriteSheet Tool v0.8.4","image":"Charger.png","size":{"w":392,"h":417},"scale":1}}